Name,Organization,Order Code,Number of Attempts,Results Delivered,CT Value (N1),CT Value (RP),CT Value (N2)
62020051903425,Boston University,SARSCOV2,0,Pending,25.48948523,25.48948523,25.48948523
62020051903424,Boston University,SARSCOV2,0,Pending,25.48948523,25.48948523,25.48948523
62020051903424,Boston University,SARSCOV2,0,Pending,25.48948523,25.48948523,25.48948523
62020051903425,Boston University,SARSCOV2,0,Pending,25.48948523,25.48948523,25.48948523
62020051903424,Boston University,SARSCOV2,0,Pending,25.48948523,25.48948523,25.48948523
62020051903425,Boston University,SARSCOV2,0,Pending,25.48948523,25.48948523,25.48948523
