Name,Organization,Order Code,Number of Attempts,Results Delivered,CT Value (N1),CT Value (N2),CT Value (RP)
62020051903400,Boston University,SARSCOV2,0,Pending,25.48948523,25.48948523,25.48948523
62020051903400,Boston University,SARSCOV2,0,Pending,25.48948523,25.48948523,25.48948523
62020051903401,Boston University,SARSCOV2,0,Pending,25.48948523,25.48948523,25.48948523
62020051903400,Boston University,SARSCOV2,0,Pending,25.48948523,25.48948523,25.48948523
62020051903401,Boston University,SARSCOV2,0,Pending,25.48948523,25.48948523,25.48948523
62020051903401,Boston University,SARSCOV2,0,Pending,25.48948523,25.48948523,25.48948523
